,Symbol,Name,Last,Change,%Chg,High,Low,Volume,Time,Market Cap,Unnamed: 10,3 months ago,Unnamed: 12,Employees
0,AAPL,Apple Inc,364.11,0,0.00%,370.47,363.64,28510301,07/02/20,1578000000000,5.5%,1100000000000,30.29%,137000
1,MSFT,Microsoft Corp,206.26,1.56,0.76%,208.02,205,29315699,07/02/20,1564000000000,5.4%,1200000000000,23.27%,144000
2,AMZN,Amazon.com Inc,2890.3,11.6,0.40%,2955.56,2871.1,6593300,07/02/20,1442000000000,5.0%,972910000000,32.53%,798000
3,GOOGL,Alphabet Cl A,1469.93,27.93,1.94%,1488.52,1451.06,2860900,07/02/20,1002000000000,3.5%,795030000000,20.66%,118899
4,GOOG,Alphabet Cl C,1464.7,26.66,1.85%,1482.95,1446.42,1859400,07/02/20,1002000000000,3.5%,795030000000,20.66%,118899
5,FB,Facebook Inc,233.42,-4.13,-1.74%,240,232.61,30633600,07/02/20,665037000000,2.3%,475550000000,28.49%,44942
6,BRK.B,Berkshire Hathaway Cl B,178.83,0.84,0.47%,180.94,178.24,5165900,07/02/20,434083000000,1.5%,442720000000,-1.99%,391500
7,V,Visa Inc,195.67,1.89,0.98%,197.92,195,6299200,07/02/20,429807000000,1.5%,354810000000,17.45%,19500
8,JNJ,Johnson & Johnson,140.97,0.59,0.42%,141.84,140.33,5152200,07/02/20,371646000000,1.3%,345190000000,7.12%,132200
9,WMT,Wal-Mart Stores,119.21,-0.48,-0.40%,120.88,118.86,5898500,07/02/20,337597000000,1.2%,344230000000,-1.96%,2200000
10,MA,Mastercard Inc,302.42,1.25,0.42%,306.89,301.31,3290100,07/02/20,303551000000,1.1%,242530000000,20.10%,11400
11,PG,Procter & Gamble Company,120.88,0.9,0.75%,122.57,120.53,6150800,07/02/20,299255000000,1.0%,272320000000,9.00%,97000
12,UNH,Unitedhealth Group Inc,298.26,0.53,0.18%,303.08,297.18,1971900,07/02/20,282864000000,1.0%,236160000000,16.51%,325000
13,JPM,JP Morgan Chase & Company,92.66,-0.6,-0.64%,94.96,91.93,27845602,07/02/20,282337000000,1.0%,274320000000,2.84%,256981
14,HD,Home Depot,248.5,0.35,0.14%,252.3,247.92,3369700,07/02/20,267267000000,0.9%,248820000000,6.90%,415000
15,INTC,Intel Corp,59.13,0.32,0.54%,59.81,58.97,15578500,07/02/20,250356000000,0.9%,229140000000,8.47%,110800
16,NVDA,Nvidia Corp,384.49,3.29,0.86%,389.5,383.13,9101300,07/02/20,236461000000,0.8%,144700000000,38.81%,13775
17,VZ,Verizon Communications Inc,54.79,0.12,0.22%,55.4,54.74,15814500,07/02/20,226721000000,0.8%,222330000000,1.94%,135000
18,T,AT&T Inc,30.08,0.18,0.60%,30.5,30.02,37724898,07/02/20,214320000000,0.7%,207700000000,3.09%,246000
19,ADBE,Adobe Systems Inc,442.95,3.14,0.71%,448.16,441.36,2502900,07/02/20,212468000000,0.7%,,,22634
20,NFLX,Netflix Inc,476.89,-8.75,-1.80%,492.28,475.53,6351400,07/02/20,209738000000,0.7%,,,8600
21,PYPL,Paypal Holdings,177.21,-0.22,-0.12%,179.8,176.72,5943600,07/02/20,208041000000,0.7%,,,23200
22,DIS,Walt Disney Company,112.18,-0.83,-0.73%,115.1,112,10311900,07/02/20,202627000000,0.7%,,,223000
23,BAC,Bank of America Corp,23.29,0.03,0.13%,23.99,23.22,56000102,07/02/20,202055000000,0.7%,,,208000
24,MRK,Merck & Company,78.78,0.66,0.84%,79.31,78.21,6515100,07/02/20,198849000000,0.7%,,,71000
25,KO,Coca-Cola Company,44.88,0.06,0.13%,45.43,44.8,15111801,07/02/20,192755000000,0.7%,,,86200
26,CSCO,Cisco Systems Inc,45.63,-0.43,-0.93%,46.22,45.48,19631900,07/02/20,192664000000,0.7%,,,75900
27,PFE,Pfizer Inc,34.51,0.77,2.28%,34.85,34.04,42951500,07/02/20,191697000000,0.7%,,,88300
28,XOM,Exxon Mobil Corp,44.08,0.37,0.85%,45.19,43.93,18216500,07/02/20,186477000000,0.6%,,,74900
29,PEP,Pepsico Inc,132.85,0.49,0.37%,134.17,132.54,2769200,07/02/20,185246000000,0.6%,,,267000
30,CMCSA,Comcast Corp A,39.25,-0.45,-1.13%,40.28,39.17,23373100,07/02/20,179143000000,0.6%,,,190000
31,ABBV,Abbvie Inc,98.88,-0.26,-0.26%,99.99,97.86,6158700,07/02/20,174261000000,0.6%,,,30000
32,CRM,Salesforce.com Inc,192.53,0.64,0.33%,195.39,192.29,4200200,07/02/20,173470000000,0.6%,,,49000
33,ORCL,Oracle Corp,55.94,0.45,0.81%,56.42,55.65,15478900,07/02/20,171662000000,0.6%,,,135000
34,CVX,Chevron Corp,88.31,0.69,0.79%,90.36,88.16,5832700,07/02/20,164873000000,0.6%,,,48200
35,ABT,Abbott Laboratories,92.23,0.59,0.64%,93.06,91.93,3845600,07/02/20,163141000000,0.6%,,,107000
36,LLY,Eli Lilly and Company,163.87,0.57,0.35%,164.77,162.37,1960200,07/02/20,156733000000,0.5%,,,33625
37,NKE,Nike Inc,98.43,1.03,1.06%,99.66,98.02,5355200,07/02/20,153062000000,0.5%,,,76700
38,AMGN,Amgen Inc,258.24,3.12,1.22%,261.46,252.87,3338100,07/02/20,151909000000,0.5%,,,23400
39,TMO,Thermo Fisher Scientific Inc,365.89,6.12,1.70%,369.82,362,1127700,07/02/20,144509000000,0.5%,,,75000
40,ACN,Accenture Plc,215.72,1.13,0.53%,218.45,214.9,2006200,07/02/20,137435000000,0.5%,,,492000
41,MCD,McDonald's Corp,183.52,-1.14,-0.62%,187,182.86,2690100,07/02/20,136457000000,0.5%,,,205000
42,COST,Costco Wholesale,305.74,0.99,0.32%,308.92,304.6,2540400,07/02/20,134992000000,0.5%,,,254000
43,BMY,Bristol-Myers Squibb Company,59.14,-0.29,-0.49%,59.64,58.75,11366001,07/02/20,133815000000,0.5%,,,30000
44,TMUS,T-Mobile US,106.01,-0.12,-0.11%,107.34,105.35,6411900,07/02/20,131325000000,0.5%,,,53000
45,DHR,Danaher Corp,179.68,2.52,1.42%,180.78,177.86,1594000,07/02/20,127037000000,0.4%,,,60000
46,AVGO,Broadcom Ltd,315.47,2.74,0.88%,319.38,314.66,1663800,07/02/20,126877000000,0.4%,,,19000
47,MDT,Medtronic Inc,93.16,0.84,0.91%,94.42,92.96,3937900,07/02/20,124956000000,0.4%,,,90000
48,NEE,Nextera Energy,246.4,0.14,0.06%,249.72,245.75,1495300,07/02/20,120600000000,0.4%,,,14800
49,AMT,American Tower Corp,264.21,-1.18,-0.44%,268.63,262.53,1175700,07/02/20,117126000000,0.4%,,,5454
50,LIN,Linde Plc,221.26,6.49,3.02%,222.03,218.52,2837800,07/02/20,116202000000,0.4%,,,79886
51,TXN,Texas Instruments,125.81,1.01,0.81%,127.17,125.02,4798900,07/02/20,115465000000,0.4%,,,29768
52,UNP,Union Pacific Corp,169.08,2.2,1.32%,170.69,167.88,2271400,07/02/20,114732000000,0.4%,,,37483
53,PM,Philip Morris International Inc,70.46,0.47,0.67%,71.21,70.19,3493700,07/02/20,109715000000,0.4%,,,73500
54,CHTR,Charter Communicatio,517.69,-4.22,-0.81%,528.87,517.02,785700,07/02/20,106881000000,0.4%,,,95100
55,IBM,International Business Machines,119.7,1.16,0.98%,121.42,119.26,3746900,07/02/20,106281000000,0.4%,,,383800
56,C,Citigroup Inc,50.55,0.2,0.40%,52.46,50.28,22042701,07/02/20,105235000000,0.4%,,,200000
57,WFC,Wells Fargo & Company,25.34,0.25,1.00%,26.17,25.1,37013301,07/02/20,103894000000,0.4%,,,260000
58,QCOM,Qualcomm Inc,91.87,2.09,2.33%,92.5,90.8,8317200,07/02/20,103347000000,0.4%,,,37000
59,LOW,Lowe's Companies,135.71,0.08,0.06%,138.18,135.11,3523000,07/02/20,102461000000,0.4%,,,320000
60,BA,Boeing Company,180.81,0.49,0.27%,187.79,180.43,41792301,07/02/20,102036000000,0.4%,,,161100
61,HON,Honeywell International Inc,145.02,0.91,0.63%,147.15,144.55,2758600,07/02/20,101782000000,0.4%,,,113000
62,LMT,Lockheed Martin Corp,362,1.58,0.44%,366.07,360.69,1395900,07/02/20,101517000000,0.4%,,,110000
63,UPS,United Parcel Service,114.36,-0.06,-0.05%,115.88,114.25,3442800,07/02/20,98599000000,0.3%,,,495000
64,AES,The Aes Corp,14.48,0.07,0.49%,14.81,14.44,4701700,07/02/20,96828000000,0.3%,,,29000
65,GILD,Gilead Sciences Inc,76.35,0.29,0.38%,77.09,75.65,6380900,07/02/20,95771000000,0.3%,,,11800
66,RTX,Raytheon Technologies Corp.,61.79,0.18,0.29%,63.46,61.62,8238300,07/02/20,93622000000,0.3%,,,243200
67,MMM,3M Company,157.04,1.61,1.04%,158.88,156.46,1982900,07/02/20,90329000000,0.3%,,,96163
68,SBUX,Starbucks Corp,73.78,-0.25,-0.34%,75.09,73.64,6544300,07/02/20,86197000000,0.3%,,,346000
69,CVS,CVS Corp,64.7,0.14,0.22%,65.8,64.56,4700600,07/02/20,84569000000,0.3%,,,290000
70,FIS,Fidelity National Information Services,136.78,-0.08,-0.06%,139.49,136.46,2009700,07/02/20,84507000000,0.3%,,,55000
71,BLK,Blackrock,551.77,7.45,1.37%,560.56,548.62,741900,07/02/20,83662000000,0.3%,,,16200
72,SPGI,S&P Global Inc,333.25,-1.27,-0.38%,339.29,332.6,707900,07/02/20,80280000000,0.3%,,,22500
73,INTU,Intuit Inc,305.3,2.72,0.90%,307.78,303.11,1228600,07/02/20,79613000000,0.3%,,,9400
74,NOW,Servicenow Inc,414.21,-2.58,-0.62%,424.84,412.69,1385600,07/02/20,78991000000,0.3%,,,10371
75,AXP,American Express Company,94.33,0.28,0.30%,97.29,93.85,4239700,07/02/20,75933000000,0.3%,,,64000
76,VRTX,Vertex Pharmaceutic,291.1,4.82,1.68%,293.95,287.45,1101700,07/02/20,75476000000,0.3%,,,3000
77,MS,Morgan Stanley,47.79,0.18,0.38%,49.03,47.68,7488800,07/02/20,75301000000,0.3%,,,60431
78,MDLZ,Mondelez Intl Inc,51.49,0.41,0.80%,52.05,51.17,5529400,07/02/20,73500000000,0.3%,,,80000
79,MO,Altria Group,39.4,0.16,0.41%,40.02,39.3,4389700,07/02/20,73220000000,0.3%,,,7300
80,BDX,Becton Dickinson and Company,245.03,3.5,1.45%,246.08,240.52,1884400,07/02/20,72254000000,0.3%,,,70093
81,CCI,Crown Castle International Corp,170.72,-1.17,-0.68%,174,169.69,2253900,07/02/20,71148000000,0.2%,,,5100
82,PLD,Prologis Inc,95.55,0.4,0.42%,97.18,95.05,2717800,07/02/20,70572000000,0.2%,,,1712
83,CI,Cigna Corp,190.49,-0.01,-0.01%,194.52,190.09,892400,07/02/20,70287000000,0.2%,,,73700
84,D,Dominion Resources,82.69,0.34,0.41%,83.5,82.51,1552500,07/02/20,69398000000,0.2%,,,19100
85,CAT,Caterpillar Inc,127.72,1.66,1.32%,130.34,127.19,2527500,07/02/20,69127000000,0.2%,,,102300
86,SYK,Stryker Corp,183.94,0.1,0.05%,187.61,183.63,1083900,07/02/20,69047000000,0.2%,,,40000
87,EL,Estee Lauder Companies,191.61,2.28,1.20%,193.37,190.74,846500,07/02/20,68979000000,0.2%,,,48000
88,BKNG,Booking Holdings Inc,1669.98,11.19,0.67%,1714.09,1658.4,360800,07/02/20,68354000000,0.2%,,,26400
89,GS,Goldman Sachs Group,197.4,-0.17,-0.09%,203,197.13,2699300,07/02/20,67883000000,0.2%,,,38300
90,ISRG,Intuitive Surg Inc,580.48,4.94,0.86%,583.44,576.83,513400,07/02/20,67694000000,0.2%,,,7326
91,ANTM,Anthem Inc,267,-1.68,-0.63%,273.93,266.97,1007900,07/02/20,67315000000,0.2%,,,70600
92,FISV,Fiserv Inc,98.25,-0.25,-0.25%,100.72,98.06,2663300,07/02/20,65777000000,0.2%,,,44000
93,ZTS,Zoetis Inc Cl A,137.66,0.47,0.34%,139.05,137.37,1307300,07/02/20,65380000000,0.2%,,,10600
94,ADP,Automatic Data Procs,150.54,1.43,0.96%,152.13,149.96,1216700,07/02/20,64698000000,0.2%,,,58000
95,REGN,Regeneron Pharmaceuticals,622.45,13.28,2.18%,630.76,608.76,802400,07/02/20,63860000000,0.2%,,,8100
96,EQIX,Equinix Inc,718.41,-9.76,-1.34%,735.99,716.96,433100,07/02/20,63590000000,0.2%,,,8378
97,CL,Colgate-Palmolive Company,73.28,0.25,0.34%,73.87,73.07,2658600,07/02/20,62766000000,0.2%,,,34300
98,TJX,TJX Companies,51.75,0.57,1.11%,52.58,51.37,6770700,07/02/20,61990000000,0.2%,,,286000
99,AMD,Adv Micro Devices,52.34,-0.24,-0.46%,53.19,52.05,29081400,07/02/20,61300000000,0.2%,,,11400
100,DUK,Duke Energy Corp,81.84,-0.09,-0.11%,82.92,81.44,2819600,07/02/20,60140000000,0.2%,,,28793
101,ATVI,Activision Blizzard,77.51,-0.52,-0.67%,79.11,77.04,5169700,07/02/20,59720000000,0.2%,,,9200
102,GE,General Electric Company,6.82,0.08,1.19%,7.04,6.81,74151797,07/02/20,59655000000,0.2%,,,205000
103,TGT,Target Corp,119.12,0.16,0.13%,120.59,118.89,2216100,07/02/20,59562000000,0.2%,,,368000
104,CME,CME Group Inc,165.27,-3.63,-2.15%,171.34,164.88,1573900,07/02/20,59264000000,0.2%,,,4360
105,ECL,Ecolab Inc,200.9,0.66,0.33%,204.15,200.15,1727300,07/02/20,57105000000,0.2%,,,50200
106,CB,Chubb Ltd,125.57,-0.09,-0.07%,129.84,125.33,1155200,07/02/20,56677000000,0.2%,,,33000
107,AMAT,Applied Materials,61,1.32,2.21%,61.65,60.34,5596100,07/02/20,55905000000,0.2%,,,22000
108,SO,Southern Company,52.79,-0.08,-0.15%,53.43,52.67,3413100,07/02/20,55744000000,0.2%,,,27943
109,MU,Micron Technology,49.83,0.13,0.26%,50.75,49.48,18562301,07/02/20,55420000000,0.2%,,,37000
110,ITW,Illinois Tool Works Inc,174.6,2.16,1.25%,177.73,173.7,857500,07/02/20,55162000000,0.2%,,,45000
111,ILMN,Illumina Inc,373.1,4.55,1.23%,377.42,371.22,698500,07/02/20,54846000000,0.2%,,,7700
112,APD,Air Products and Chemicals,247.42,3.67,1.51%,247.76,244.92,1333000,07/02/20,54644000000,0.2%,,,17700
113,MMC,Marsh & Mclennan Companies,107.89,0.36,0.33%,109.09,107.39,1378600,07/02/20,54605000000,0.2%,,,76000
114,USB,U.S. Bancorp,35.89,-0.09,-0.25%,37.22,35.78,5768100,07/02/20,54061000000,0.2%,,,69651
115,SHW,Sherwin-Williams Company,582.97,5.41,0.94%,586.57,580.19,450400,07/02/20,52934000000,0.2%,,,61111
116,CSX,CSX Corp,68.86,0.62,0.91%,69.88,68.68,2543200,07/02/20,52710000000,0.2%,,,21000
117,ADSK,Autodesk Inc,240.15,-1.07,-0.44%,244.4,239.18,1158100,07/02/20,52640000000,0.2%,,,10100
118,MCO,Moody's Corp,278.01,-0.38,-0.14%,284.21,277.82,489400,07/02/20,52127000000,0.2%,,,11000
119,HUM,Humana Inc,391.89,0.34,0.09%,397.71,389.81,669000,07/02/20,51810000000,0.2%,,,46000
120,NOC,Northrop Grumman Corp,309.97,1.83,0.59%,313.24,308.62,629700,07/02/20,51673000000,0.2%,,,90000
121,GPN,Global Payments Inc,171.46,-0.03,-0.02%,175.36,171.22,1516600,07/02/20,51285000000,0.2%,,,24000
122,BSX,Boston Scientific Corp,35.38,0.1,0.28%,36.05,35.28,4738300,07/02/20,50548000000,0.2%,,,36000
123,ICE,Intercontinental Exchange,92.26,-1.04,-1.11%,94.6,92.19,2084900,07/02/20,50487000000,0.2%,,,5989
124,DE,Deere & Company,157.9,1.05,0.67%,161.92,157.52,1044900,07/02/20,49400000000,0.2%,,,73500
125,TFC,Truist Financial Corp.,36.42,0.01,0.03%,38.09,36.39,5578400,07/02/20,49077000000,0.2%,,,59000
126,NEM,Newmont Mining Corp,60.96,-0.4,-0.65%,61.99,60.22,8076800,07/02/20,48926000000,0.2%,,,16600
127,KMB,Kimberly-Clark Corp,143.2,1.31,0.92%,144.04,142.4,1049900,07/02/20,48766000000,0.2%,,,40000
128,DG,Dollar General Corp,189.48,-1.42,-0.74%,191.9,188.94,1559700,07/02/20,47696000000,0.2%,,,143000
129,LRCX,Lam Research Corp,323.7,6.22,1.96%,327.45,318.64,1711200,07/02/20,46989000000,0.2%,,,10700
130,PGR,Progressive Corp,79.23,-0.57,-0.71%,80.49,78.8,2493800,07/02/20,46373000000,0.2%,,,41571
131,COP,Conocophillips,41.78,1.04,2.55%,42.51,41.58,4774900,07/02/20,44806000000,0.2%,,,10400
132,NSC,Norfolk Southern Corp,174.51,2.99,1.74%,177.73,173.33,964600,07/02/20,44706000000,0.2%,,,24587
133,ADI,Analog Devices,121.24,0.87,0.72%,122.81,120.74,1624100,07/02/20,44668000000,0.2%,,,16400
134,BAX,Baxter International Inc,87.21,-0.1,-0.11%,87.65,86.93,2536700,07/02/20,44376000000,0.2%,,,50000
135,WM,Waste Management,104.97,-0.12,-0.11%,106.16,104.75,1438700,07/02/20,44300000000,0.2%,,,44900
136,AON,AON Plc,191.45,0.31,0.16%,193.8,190.77,1241400,07/02/20,44241000000,0.2%,,,50000
137,EW,Edwards Lifesciences Corp,69.19,0.19,0.28%,70.23,68.8,2045100,07/02/20,44005000000,0.2%,,,13900
138,PNC,PNC Bank,102.15,-0.68,-0.66%,106.29,101.81,3087100,07/02/20,43338000000,0.2%,,,51918
139,BIIB,Biogen Inc,265.12,0.35,0.13%,267.98,264.12,943000,07/02/20,43264000000,0.2%,,,7400
140,SCHW,The Charles Schwab Corp,33.39,0.37,1.12%,34.19,33.28,7862600,07/02/20,42987000000,0.1%,,,19700
141,GD,General Dynamics Corp,147.3,0.16,0.11%,150.86,147.06,761200,07/02/20,42255000000,0.1%,,,102900
142,AEP,American Electric Power Company,82.52,0.52,0.63%,83.29,82.3,1645300,07/02/20,40896000000,0.1%,,,17408
143,ROP,Roper Industries,391.17,1.48,0.38%,396.75,390.45,483400,07/02/20,40837000000,0.1%,,,16460
144,FDX,Fedex Corp,155.48,-1.18,-0.75%,159.72,155.28,4046900,07/02/20,40619000000,0.1%,,,239000
145,DLR,Digital Realty Trust,148.59,1.2,0.81%,149.8,147.77,1296700,07/02/20,39869000000,0.1%,,,1550
146,DD,Du Pont De.Nemours Inc,53.72,1.4,2.68%,54.22,52.91,5073300,07/02/20,39420000000,0.1%,,,35000
147,KHC,Kraft Heinz Company,31.81,0.14,0.44%,32.21,31.73,4284800,07/02/20,38866000000,0.1%,,,37000
148,EA,Electronic Arts Inc,133.84,-1.38,-1.02%,136.42,133.47,1893300,07/02/20,38641000000,0.1%,,,9800
149,CNC,Centene Corp,66.52,1.11,1.70%,67.63,65.82,3399800,07/02/20,38524000000,0.1%,,,56600
150,DXCM,Dexcom,407.35,7.14,1.78%,415.48,398.06,1082100,07/02/20,38412000000,0.1%,,,3900
151,EBAY,Ebay Inc,54.36,1.4,2.64%,54.88,53.55,8468400,07/02/20,38198000000,0.1%,,,13300
152,GIS,General Mills,61.48,1.05,1.74%,62.07,60.85,5714900,07/02/20,37491000000,0.1%,,,35000
153,LHX,L3Harris Technologies Inc,172,1.51,0.89%,173.78,169.15,1766300,07/02/20,37130000000,0.1%,,,18200
154,EMR,Emerson Electric Company,61.65,0.44,0.72%,63.44,61.59,2327600,07/02/20,36834000000,0.1%,,,88000
155,WBA,Walgreens Boots Alliance,41.98,1.1,2.69%,42.33,41.26,7901000,07/02/20,36826000000,0.1%,,,342000
156,EXC,Exelon Corp,37.48,0.12,0.32%,38.04,37.37,4309700,07/02/20,36521000000,0.1%,,,32713
157,MNST,Monster Beverage Cp,69.26,0.23,0.33%,69.94,69.1,1413300,07/02/20,36470000000,0.1%,,,3529
158,GM,General Motors Company,25.24,0.28,1.12%,25.85,25.08,22202199,07/02/20,36120000000,0.1%,,,164000
159,STZ,Constellation Brands Inc,185.8,-0.08,-0.04%,190.74,185.39,1895000,07/02/20,35836000000,0.1%,,,9000
160,LVS,Las Vegas Sands,46.34,1.3,2.89%,46.97,45.56,4753200,07/02/20,35391000000,0.1%,,,50000
161,SRE,Sempra Energy,120.94,-0.41,-0.34%,123.7,120.74,1525000,07/02/20,35380000000,0.1%,,,13969
162,ETN,Eaton Corp,88.24,1.14,1.31%,89.98,88.09,1587700,07/02/20,35296000000,0.1%,,,101000
163,PSA,Public Storage,199.36,0.2,0.10%,202.02,197.52,895900,07/02/20,34847000000,0.1%,,,5900
164,KMI,Kinder Morgan,15.12,0.21,1.41%,15.32,15.07,9428000,07/02/20,34194000000,0.1%,,,11086
165,XEL,XCEL Energy Inc,64.1,-0.08,-0.13%,65.07,63.97,3132900,07/02/20,33663000000,0.1%,,,11273
166,BK,Bank of New York Mellon Corp,37.94,0.35,0.93%,38.89,37.8,4114500,07/02/20,33594000000,0.1%,,,48400
167,SBAC,SBA Communications,300.58,-0.77,-0.26%,307.7,300.09,594400,07/02/20,33552000000,0.1%,,,1475
168,HCA,Hca Holdings Inc,97.97,-0.11,-0.11%,102.18,97.73,1546000,07/02/20,33077000000,0.1%,,,280000
169,MET,Metlife Inc,35.65,0.14,0.39%,37.2,35.59,5016700,07/02/20,32356000000,0.1%,,,49000
170,ORLY,O'Reilly Automotive,427.85,1.77,0.42%,432.19,424.83,456800,07/02/20,31757000000,0.1%,,,82484
171,ROST,Ross Stores Inc,88.58,1.39,1.59%,91.12,88.31,3516200,07/02/20,31528000000,0.1%,,,92500
172,DOW,Dow Inc,41.59,0.84,2.06%,42.25,40.91,4017500,07/02/20,30807000000,0.1%,,,36500
173,KLAC,K L A-Tencor Corp,196.51,3.36,1.74%,198.21,194.27,1247000,07/02/20,30469000000,0.1%,,,10020
174,CTSH,Cognizant Tech Sol,56.08,-0.34,-0.60%,57.68,56.01,3123200,07/02/20,30316000000,0.1%,,,292500
175,INFO,IHS Markit Ltd,75.85,0.01,0.01%,77.48,75.66,2058700,07/02/20,30074000000,0.1%,,,15500
176,PSX,Phillips 66,68.42,-0.69,-1.00%,70.98,68.28,2624100,07/02/20,29877000000,0.1%,,,14500
177,BF.B,Brown Forman Inc Cl B,64.43,-0.09,-0.14%,65.41,64.38,625700,07/02/20,29822000000,0.1%,,,4800
178,SNPS,Synopsys Inc,197.58,0.68,0.35%,199.58,196.67,650900,07/02/20,29793000000,0.1%,,,13896
179,ALL,Allstate Corp,94.09,-1.44,-1.51%,97.26,93.87,1941300,07/02/20,29555000000,0.1%,,,46290
180,CMG,Chipotle Mexican Grill,1056.45,-11.91,-1.11%,1084.73,1053,264500,07/02/20,29465000000,0.1%,,,83000
181,EOG,Eog Resources,50.52,0.66,1.32%,51.63,50.45,4166400,07/02/20,29405000000,0.1%,,,2900
182,ES,Eversource Energy,84.67,-0.44,-0.52%,85.93,84.42,1192400,07/02/20,29003000000,0.1%,,,8234
183,MSCI,MSCI Inc,342.13,1.2,0.35%,345.73,340.83,360400,07/02/20,28601000000,0.1%,,,3396
184,MAR,Marriot Int Cl A,87.8,1.18,1.36%,90.23,86.26,3877400,07/02/20,28470000000,0.1%,,,174000
185,WEC,Wisconsin Energy Corp,90.17,0.84,0.94%,90.86,89.67,979900,07/02/20,28443000000,0.1%,,,7509
186,TRV,The Travelers Companies Inc,112.46,-0.04,-0.04%,116,112.18,1040200,07/02/20,28434000000,0.1%,,,30800
187,IDXX,Idexx Laboratories,334.76,0.22,0.07%,339.8,333.02,460300,07/02/20,28432000000,0.1%,,,9200
188,APH,Amphenol Corp,95.87,0.79,0.83%,97.34,95.31,1270700,07/02/20,28367000000,0.10%,,,74000
189,CTAS,Cintas Corp,270.65,2.68,1.00%,276.49,270.18,454600,07/02/20,28161000000,0.10%,,,45000
190,VRSK,Verisk Analytics Inc,173.11,0.69,0.40%,174.29,171.75,955400,07/02/20,28089000000,0.10%,,,9300
191,CLX,Clorox Company,222.16,2.59,1.18%,224.55,220.81,1661200,07/02/20,27977000000,0.10%,,,8800
192,TROW,T Rowe Price Group,122.73,0.22,0.18%,125.68,122.37,1066100,07/02/20,27927000000,0.10%,,,7365
193,RMD,Resmed Inc,192.48,1.62,0.85%,193.91,191.62,623100,07/02/20,27846000000,0.10%,,,7240
194,COF,Capital One Financial Corp,61.15,0.45,0.74%,63.25,60.72,3376300,07/02/20,27842000000,0.10%,,,51900
195,PAYX,Paychex Inc,76.59,0.29,0.38%,77.58,76.13,1733900,07/02/20,27474000000,0.10%,,,15600
196,SYY,Sysco Corp,54.06,0.36,0.67%,55.94,53.98,4925100,07/02/20,27442000000,0.10%,,,69000
197,A,Agilent Technologies,88.68,0.57,0.65%,89.49,88.55,1507700,07/02/20,27382000000,0.10%,,,16300
198,IQV,Iqvia Holdings Inc,141.52,-0.01,-0.01%,144,140.87,777100,07/02/20,27025000000,0.09%,,,67000
199,HSY,Hershey Foods Corp,129.86,-0.26,-0.20%,131.68,129.2,1287300,07/02/20,27012000000,0.09%,,,16140
200,AZO,Autozone,1148.97,18.49,1.64%,1152.96,1135.35,249800,07/02/20,26893000000,0.09%,,,96000
201,TEL,Te Connectivity Ltd,80.88,0.82,1.02%,82.3,80.6,1164100,07/02/20,26678000000,0.09%,,,78000
202,MCHP,Microchip Technology,104.61,1.49,1.44%,106.28,103.94,2124800,07/02/20,26361000000,0.09%,,,18000
203,PCAR,Paccar Inc,75.68,1.43,1.93%,77.1,74.75,1482900,07/02/20,26165000000,0.09%,,,27000
204,KR,Kroger Company,33.5,-0.07,-0.21%,33.97,33.38,8613000,07/02/20,26061000000,0.09%,,,435000
205,YUM,Yum! Brands,86.56,0.11,0.13%,88.62,86.36,1743300,07/02/20,26053000000,0.09%,,,34000
206,HRL,Hormel Foods Corp,48.08,0.64,1.35%,48.45,47.71,2034100,07/02/20,25913000000,0.09%,,,18800
207,RSG,Republic Services,81.23,-0.16,-0.20%,82.38,80.73,1714500,07/02/20,25856000000,0.09%,,,36000
208,AIG,American International Group,29.92,0.34,1.15%,31.21,29.83,7866900,07/02/20,25770000000,0.09%,,,46000
209,PPG,PPG Industries,109.07,2.72,2.56%,110.12,107.81,1395400,07/02/20,25732000000,0.09%,,,47600
210,CMI,Cummins Inc,173.45,2.5,1.46%,176.28,172.54,792900,07/02/20,25588000000,0.09%,,,61615
211,JCI,Johnson Controls Intl,34.34,0.45,1.33%,35.02,34.25,3585600,07/02/20,25544000000,0.09%,,,104000
212,ANSS,Ansys Inc,297.97,3.65,1.24%,299.73,295.39,338400,07/02/20,25505000000,0.09%,,,4100
213,PEG,Public Service Enterprise Group Inc,50.11,0.36,0.72%,50.6,49.94,1594000,07/02/20,25337000000,0.09%,,,12992
214,WLTW,Willis Towers WT,196.6,1.35,0.69%,199.39,195.75,466400,07/02/20,25309000000,0.09%,,,45000
215,AFL,Aflac Incorporated,35.26,-0.13,-0.37%,36.72,35.14,3075400,07/02/20,25299000000,0.09%,,,6178
216,FAST,Fastenal Company,44.04,1.03,2.39%,44.26,43.54,5302600,07/02/20,25227000000,0.09%,,,21948
217,SLB,Schlumberger N.V.,17.98,0.26,1.47%,18.49,17.9,10301000,07/02/20,24953000000,0.09%,,,105000
218,ZBH,Zimmer Biomet Holdings,120.61,1.27,1.06%,122.99,120.19,1464000,07/02/20,24942000000,0.09%,,,19900
219,ALXN,Alexion Pharm Inc,112.3,-0.09,-0.08%,114.49,111.72,1283100,07/02/20,24799000000,0.09%,,,3082
220,MCK,Mckesson Corp,152.73,1.82,1.21%,155.83,152.13,841100,07/02/20,24760000000,0.09%,,,80000
221,ED,Consolidated Edison Company of New York,73.81,0.71,0.97%,74.36,73.01,1430400,07/02/20,24660000000,0.09%,,,14890
222,OTIS,Otis Worldwide Corp [Otis/I],56.5,0.72,1.29%,57.24,55.77,3162900,07/02/20,24469000000,0.09%,,,69000
223,ROK,Rockwell Automation Inc,210.99,0.49,0.23%,214.81,210.66,615200,07/02/20,24438000000,0.09%,,,23000
224,HPQ,HP Inc,17.07,0.07,0.41%,17.59,16.99,10167399,07/02/20,24409000000,0.08%,,,56000
225,VRSN,Verisign Inc,210.81,0.33,0.16%,213.79,209.49,507200,07/02/20,24357000000,0.08%,,,872
226,TWTR,Twitter Inc,30.87,0.06,0.19%,31.4,30.4,14553700,07/02/20,24221000000,0.08%,,,4900
227,MKC,Mccormick & Company Inc,181.61,2.11,1.18%,184.48,180.63,662800,07/02/20,24196000000,0.08%,,,15100
228,F,Ford Motor Company,6.05,0.07,1.17%,6.17,6,67270500,07/02/20,24061000000,0.08%,,,190000
229,VFC,V.F. Corp,61.58,0.98,1.62%,63.21,61.42,1833100,07/02/20,23989000000,0.08%,,,48000
230,TDG,Transdigm Group Inc,442.33,2.74,0.62%,456.35,441.82,425600,07/02/20,23918000000,0.08%,,,18300
231,AWK,American Water Works,131.06,0.44,0.34%,132.16,130.6,731200,07/02/20,23725000000,0.08%,,,6800
232,PH,Parker-Hannifin Corp,182.98,2.39,1.32%,187.99,181.27,809000,07/02/20,23461000000,0.08%,,,55610
233,MPC,Marathon Petroleum Corp,36.07,0.39,1.09%,37.42,35.93,5716200,07/02/20,23455000000,0.08%,,,60910
234,PRU,Prudential Financial Inc,59.3,0.37,0.63%,61.78,59.15,2467400,07/02/20,23424000000,0.08%,,,51511
235,BLL,Ball Corp,71.81,1.13,1.60%,72.02,70.73,1786900,07/02/20,23410000000,0.08%,,,18300
236,XLNX,Xilinx Inc,95.29,2.02,2.17%,96.23,93.91,3165200,07/02/20,23174000000,0.08%,,,4891
237,WMB,Williams Companies,19.08,0.27,1.44%,19.39,18.92,5848300,07/02/20,23148000000,0.08%,,,4812
238,INCY,Incyte Corp,106.47,3.82,3.72%,107.38,102.52,1438300,07/02/20,23144000000,0.08%,,,1456
239,MSI,Motorola Solutions,135.09,-0.88,-0.65%,139.1,134.82,1444600,07/02/20,22974000000,0.08%,,,17000
240,VLO,Valero Energy Corp,56.34,-0.1,-0.18%,58.28,56.15,3834500,07/02/20,22970000000,0.08%,,,10222
241,FTV,Fortive Corp,68.15,0.69,1.02%,69.43,67.92,1428800,07/02/20,22957000000,0.08%,,,25000
242,K,Kellogg Company,66.31,0.38,0.58%,66.75,66.12,1018100,07/02/20,22722000000,0.08%,,,31000
243,BBY,Best Buy Company,87.45,0.1,0.11%,89.26,87.24,2489800,07/02/20,22589000000,0.08%,,,125000
244,EQR,Equity Residential,60.59,-0.24,-0.39%,62.19,60.2,1509500,07/02/20,22547000000,0.08%,,,2700
245,AVB,Avalonbay Communities,159.92,0.87,0.55%,162.55,157.29,947300,07/02/20,22506000000,0.08%,,,3122
246,FTNT,Fortinet Inc,138.44,-0.78,-0.56%,140.94,137.79,979500,07/02/20,22379000000,0.08%,,,7082
247,LYB,Lyondellbasell Industries NV,66.96,1.35,2.06%,68.77,66.11,2279300,07/02/20,22339000000,0.08%,,,19100
248,STT,State Street Corp,63.13,1,1.61%,65.18,62.76,2147500,07/02/20,22219000000,0.08%,,,39103
249,DLTR,Dollar Tree Inc,93.61,0.22,0.24%,94.34,92.9,2606500,07/02/20,22207000000,0.08%,,,193100
250,ALGN,Align Technology,279.93,6.09,2.22%,285.6,276.65,696200,07/02/20,22048000000,0.08%,,,14530
251,ADM,Archer Daniels Midland,39.56,0.15,0.38%,40.51,39.51,2647500,07/02/20,21975000000,0.08%,,,38100
252,WELL,Welltower Inc,52.63,-1.01,-1.88%,55.25,52.38,1855100,07/02/20,21972000000,0.08%,,,443
253,TT,Trane Technologies Plc,90.53,1.67,1.88%,92.02,90.04,1526500,07/02/20,21656000000,0.08%,,,50000
254,FE,Firstenergy Corp,39.92,0.04,0.10%,40.32,39.76,2897300,07/02/20,21627000000,0.08%,,,12316
255,SWKS,Skyworks Solutions,128.42,2.57,2.04%,130.05,127.29,1731900,07/02/20,21425000000,0.07%,,,9000
256,FLT,Fleetcor Technologies,254.84,0.15,0.06%,261.8,253.91,611300,07/02/20,21356000000,0.07%,,,8700
257,TSN,Tyson Foods,58.45,-0.12,-0.20%,60.29,58.26,2424900,07/02/20,21295000000,0.07%,,,141000
258,SWK,Stanley Black & Decker Inc,138.14,2.53,1.87%,141.95,136.82,975400,07/02/20,21291000000,0.07%,,,59438
259,CERN,Cerner Corp,69.91,0.42,0.60%,70.59,69.75,1943900,07/02/20,21277000000,0.07%,,,27400
260,DTE,Dte Energy Company,109.97,-0.03,-0.03%,111.66,109.27,837300,07/02/20,21182000000,0.07%,,,10700
261,SPG,Simon Property Group,68.81,-1,-1.43%,72.96,68.68,6470500,07/02/20,21039000000,0.07%,,,4500
262,O,Realty Income Corp,61.1,0.01,0.02%,62.56,60.5,1814700,07/02/20,20983000000,0.07%,,,194
263,EFX,Equifax Inc,171.9,-1.67,-0.96%,175.94,171.83,689500,07/02/20,20866000000,0.07%,,,11200
264,ARE,Alexandria Real Estate Equities,165.04,-0.37,-0.22%,168.44,163.11,1145900,07/02/20,20827000000,0.07%,,,439
265,APTV,Aptiv Plc,76.81,1.39,1.84%,79.18,76.63,1839000,07/02/20,20741000000,0.07%,,,141000
266,HLT,Hilton Inc,74.52,0.08,0.11%,76.98,74.13,1766400,07/02/20,20661000000,0.07%,,,173000
267,CTVA,Corteva Inc,27.57,0.53,1.96%,28.11,27.38,3766400,07/02/20,20633000000,0.07%,,,1360
268,AME,Amtek Inc,88.96,1.37,1.56%,90.09,88.54,1029500,07/02/20,20410000000,0.07%,,,18100
269,ABC,Amerisourcebergen Corp,100.09,0.64,0.64%,101.62,99.72,733900,07/02/20,20359000000,0.07%,,,22000
270,EIX,Edison International,55.54,0.21,0.38%,56.29,55.28,1758100,07/02/20,20203000000,0.07%,,,12937
271,ODFL,Old Dominion Freight Line Inc.,170.87,2.51,1.49%,173.24,169.31,872300,07/02/20,20154000000,0.07%,,,20105
272,PPL,PPL Corp,26.18,-0.02,-0.08%,26.73,26.07,3536800,07/02/20,20126000000,0.07%,,,12280
273,LUV,Southwest Airlines Company,34.12,0.31,0.92%,34.92,33.96,12300601,07/02/20,20110000000,0.07%,,,60800
274,CARR,Carrier Global Corporation [Carr/I],22.91,0.3,1.33%,23.22,22.57,5667400,07/02/20,19844000000,0.07%,,,52635
275,GLW,Corning Inc,26,0.34,1.33%,26.47,25.91,5030100,07/02/20,19785000000,0.07%,,,49500
276,NDAQ,Nasdaq Inc,120.06,-0.7,-0.58%,123.12,120,756500,07/02/20,19698000000,0.07%,,,4361
277,CPRT,Copart Inc,83.86,-0.73,-0.86%,85.67,83.63,1417200,07/02/20,19688000000,0.07%,,,7327
278,DHI,D.R. Horton,54.07,0.21,0.39%,55.25,53.84,1881900,07/02/20,19656000000,0.07%,,,8916
279,MTD,Mettler-Toledo International,814.7,9.91,1.23%,819.92,809.24,78200,07/02/20,19477000000,0.07%,,,16200
280,ETR,Entergy Corp,96.86,0.14,0.14%,98.67,96.51,877300,07/02/20,19388000000,0.07%,,,13635
281,CHD,Church & Dwight Company,78.29,0.39,0.50%,78.85,77.82,1059300,07/02/20,19251000000,0.07%,,,4800
282,MKTX,Marketaxess Holdings,501.88,-4.13,-0.82%,512.88,500.47,196000,07/02/20,19026000000,0.07%,,,527
283,KEYS,Keysight Technologies Inc Comm,100.73,1.02,1.02%,101.55,100.01,983700,07/02/20,18840000000,0.07%,,,13600
284,PAYC,Paycom Software Inc,321.5,1.24,0.39%,328.55,320.36,428300,07/02/20,18829000000,0.07%,,,3765
285,GRMN,Garmin Ltd,97.53,0.4,0.41%,98.79,97.14,577600,07/02/20,18630000000,0.06%,,,15000
286,CTXS,Citrix Systems Inc,150.06,0.68,0.46%,151.62,149.27,1115300,07/02/20,18525000000,0.06%,,,8400
287,AJG,Arthur J. Gallagher & Company,97.34,-0.01,-0.01%,98.92,96.96,684600,07/02/20,18458000000,0.06%,,,33300
288,AKAM,Akamai Technologies,113.12,6.79,6.39%,114.37,109.14,4433800,07/02/20,18356000000,0.06%,,,3639
289,LEN,Lennar Corp,60.17,0.39,0.65%,61.47,59.71,2887400,07/02/20,18214000000,0.06%,,,10106
290,AEE,Ameren Corp,73.23,0.74,1.02%,73.83,72.77,1774300,07/02/20,18080000000,0.06%,,,9323
291,FRC,First Republic Bank,104.62,-0.41,-0.39%,108.43,103.92,802600,07/02/20,17939000000,0.06%,,,4812
292,AMP,Ameriprise Financial Services,145.45,-0.38,-0.26%,151.11,145.16,679900,07/02/20,17794000000,0.06%,,,12500
293,DAL,Delta Air Lines Inc,27.72,0.02,0.07%,28.73,27.6,29240100,07/02/20,17679000000,0.06%,,,91000
294,DISH,Dish Network Corp,33.06,-1.56,-4.52%,35.44,32.9,3195700,07/02/20,17329000000,0.06%,,,16000
295,CMS,Cms Energy Corp,60.3,0.34,0.57%,60.88,60.13,1634400,07/02/20,17259000000,0.06%,,,8789
296,CAG,Conagra Brands Inc,35.41,-0.26,-0.73%,36.05,35.41,3737600,07/02/20,17247000000,0.06%,,,18000
297,TFX,Teleflex Inc,368.15,-0.78,-0.21%,373.72,367.5,191500,07/02/20,17092000000,0.06%,,,14400
298,GWW,W.W. Grainger,317.51,9.55,3.10%,318.3,310.45,311800,07/02/20,16977000000,0.06%,,,25300
299,WST,West Pharmaceutical Services,229.73,4.74,2.11%,231.36,225.26,509600,07/02/20,16909000000,0.06%,,,8200
300,FCX,Freeport-Mcmoran Inc,11.5,0.01,0.09%,11.98,11.48,25268500,07/02/20,16698000000,0.06%,,,27500
301,AMCR,Amcor Plc,10.6,0.27,2.61%,10.62,10.39,14253000,07/02/20,16689000000,0.06%,,,50000
302,CDW,CDW Corp,117.11,1.58,1.37%,118.76,116.5,894000,07/02/20,16667000000,0.06%,,,6800
303,WY,Weyerhaeuser Company,22.24,0.04,0.18%,23.23,22.16,4237500,07/02/20,16596000000,0.06%,,,9400
304,LH,Laboratory Corp of America Holdings,170.27,3.24,1.94%,171.18,168.26,1071400,07/02/20,16550000000,0.06%,,,65000
305,TTWO,Take-Two Interacti,144.4,0.29,0.20%,146.09,143.51,1578700,07/02/20,16453000000,0.06%,,,5800
306,OXY,Occidental Petroleum Corp,17.78,0.37,2.13%,18.63,17.61,28133199,07/02/20,16300000000,0.06%,,,14400
307,NTRS,Northern Trust Corp,77.67,0.73,0.95%,79.57,77.41,833600,07/02/20,16159000000,0.06%,,,19800
308,MXIM,Maxim Integrated,60.4,0.71,1.19%,60.98,60.22,1396800,07/02/20,16104000000,0.06%,,,7131
309,FOXA,Fox Corp Cl A,26.56,-0.37,-1.37%,27.73,26.47,3614100,07/02/20,16032000000,0.06%,,,22400
310,FOX,Fox Corp Cl B,26.55,-0.37,-1.36%,27.65,26.46,1231400,07/02/20,16032000000,0.06%,,,22400
311,VMC,Vulcan Materials Company,120.82,4.86,4.19%,121.28,117.59,1674000,07/02/20,16001000000,0.06%,,,9173
312,ANET,Arista Networks Inc,210.51,1.07,0.51%,213,208.74,486300,07/02/20,15937000000,0.06%,,,2300
313,BKR,Baker Hughes A Ge Co. Cl A,15.41,0,0.00%,16.09,15.38,7851200,07/02/20,15910000000,0.06%,,,68000
314,PXD,Pioneer Natural Resources Company,96.8,1.3,1.36%,98.86,96.22,1222300,07/02/20,15901000000,0.06%,,,2323
315,HES,Hess Corp,51.49,1.64,3.29%,52.08,51,1851300,07/02/20,15815000000,0.06%,,,1775
316,DGX,Quest Diagnostics Inc,116.04,1.99,1.74%,116.86,114.4,854300,07/02/20,15518000000,0.05%,,,47000
317,ESS,Essex Property Trust,237.05,-2.32,-0.97%,243.54,234.6,267900,07/02/20,15507000000,0.05%,,,1822
318,COO,Cooper Companies,290.07,2.56,0.89%,293.7,285.7,392300,07/02/20,15470000000,0.05%,,,12000
319,PEAK,Healthpeak Properties Inc.,28.47,-0.35,-1.21%,29.46,28.36,3439000,07/02/20,15325000000,0.05%,,,204
320,TSCO,Tractor Supply Company,132.45,-0.23,-0.17%,134.9,131.89,721200,07/02/20,15315000000,0.05%,,,32000
321,CBRE,CBRE Group Inc,45.51,0.66,1.47%,46.57,45.09,1399600,07/02/20,15253000000,0.05%,,,100000
322,CAH,Cardinal Health,51.8,0.12,0.23%,52.75,51.54,2371400,07/02/20,15125000000,0.05%,,,31000
323,DFS,Discover Financial Services,48.85,0.63,1.31%,51.07,48.68,3037500,07/02/20,14963000000,0.05%,,,17200
324,HOLX,Hologic Inc,57.86,0.89,1.56%,58.72,57.54,3008700,07/02/20,14940000000,0.05%,,,6478
325,CPB,Campbell Soup Company,49.32,0.01,0.02%,49.87,49.1,1685500,07/02/20,14903000000,0.05%,,,19000
326,TIF,Tiffany & Company,122.22,-0.01,-0.01%,122.74,121.75,853200,07/02/20,14831000000,0.05%,,,14100
327,BR,Broadridge Financial Solutions Llc,128.22,0.95,0.75%,129.85,127.63,573700,07/02/20,14722000000,0.05%,,,11000
328,DPZ,Domino's Pizza Inc,374.09,-1.62,-0.43%,379.99,372.12,415200,07/02/20,14634000000,0.05%,,,13100
329,KMX,Carmax Inc,89.22,0.2,0.22%,92.38,88.53,1255500,07/02/20,14550000000,0.05%,,,27050
330,VIAC,Viacomcbs Inc. Cl B,23.25,-0.35,-1.48%,24.18,23.11,9947200,07/02/20,14431000000,0.05%,,,23990
331,BXP,Boston Properties,91.55,1.5,1.67%,93.26,90.4,731600,07/02/20,14224000000,0.05%,,,760
332,JKHY,Jack Henry & Assoc,184.51,0.68,0.37%,187,183.66,256900,07/02/20,14136000000,0.05%,,,6402
333,TYL,Tyler Technologies,355.22,4.9,1.40%,357.34,350.39,350800,07/02/20,14124000000,0.05%,,,5368
334,ROL,Rollins Inc,43.06,0.29,0.68%,43.35,42.78,616600,07/02/20,14114000000,0.05%,,,14952
335,DOV,Dover Corp,97.42,1.82,1.90%,99.08,96.82,852500,07/02/20,14023000000,0.05%,,,24000
336,KSU,Kansas City Southern,147.18,2.58,1.78%,149.29,146.2,736300,07/02/20,13985000000,0.05%,,,7040
337,EVRG,Evergy Inc,61.46,0.45,0.74%,62.03,61.22,1273900,07/02/20,13935000000,0.05%,,,4617
338,VTR,Ventas Inc,37.29,-1.03,-2.69%,39.44,36.91,3032300,07/02/20,13912000000,0.05%,,,516
339,IP,International Paper Company,35.35,0.54,1.55%,35.8,35.03,2051900,07/02/20,13894000000,0.05%,,,51000
340,IFF,International Flavors & Fragrances,126.88,2.71,2.18%,127.49,125.38,960300,07/02/20,13568000000,0.05%,,,13600
341,ZBRA,Zebra Technologies,255.04,3.81,1.52%,259.73,254.35,228600,07/02/20,13540000000,0.05%,,,8200
342,BIO,Bio-Rad Laboratories,458.36,3.93,0.86%,463.56,455.53,167100,07/02/20,13500000000,0.05%,,,8120
343,MAA,Mid-America Apartment Communities,117.53,-0.14,-0.12%,119.56,116.32,601400,07/02/20,13440000000,0.05%,,,2513
344,HIG,Hartford Financial Services Group,37.5,-0.2,-0.53%,39.06,37.35,2049300,07/02/20,13428000000,0.05%,,,19500
345,DRE,Duke Realty Corp,36.26,0.14,0.39%,36.71,36.04,1435200,07/02/20,13358000000,0.05%,,,400
346,OKE,Oneok Inc,32.15,-0.03,-0.09%,33.47,32,3519100,07/02/20,13314000000,0.05%,,,2882
347,LDOS,Leidos Holdings Inc,93.64,0.33,0.35%,95.28,93.51,763800,07/02/20,13301000000,0.05%,,,34000
348,MLM,Martin Marietta Materials,213.49,4.52,2.16%,217.4,209.47,803700,07/02/20,13288000000,0.05%,,,8846
349,MAS,Masco Corp,50.14,0.49,0.99%,50.96,49.82,2163100,07/02/20,13225000000,0.05%,,,18000
350,FITB,Fifth Third Bncp,18.57,0.14,0.73%,19.36,18.5,8235101,07/02/20,13220000000,0.05%,,,19869
351,FMC,FMC Corp,101.14,1.78,1.79%,101.86,99.84,816200,07/02/20,13092000000,0.05%,,,6400
352,STE,Steris Corp,154.01,-0.27,-0.18%,157.13,153.57,585700,07/02/20,13083000000,0.05%,,,13000
353,MTB,M&T Bank Corp,100.59,-0.72,-0.71%,105.33,100.08,582000,07/02/20,12903000000,0.04%,,,17773
354,EXPD,Expeditors Intl,77.15,0.96,1.26%,77.53,76.31,830500,07/02/20,12840000000,0.04%,,,18000
355,SYF,Synchrony Financial,21.86,0.25,1.16%,22.83,21.8,7211900,07/02/20,12760000000,0.04%,,,16500
356,WDC,Western Digital Cp,42.44,-0.01,-0.02%,43.39,42.19,3900200,07/02/20,12719000000,0.04%,,,61800
357,QRVO,Qorvo Inc,110.3,2.04,1.88%,111.55,109.15,897800,07/02/20,12621000000,0.04%,,,7900
358,EXR,Extra Space Storage Inc,97.25,0.29,0.30%,98.7,96.71,755800,07/02/20,12554000000,0.04%,,,4048
359,GPC,Genuine Parts Company,86.84,0.94,1.09%,88.98,86.09,696900,07/02/20,12528000000,0.04%,,,55000
360,JBHT,J B Hunt Transport,118.26,0.61,0.52%,119.74,117.89,563200,07/02/20,12472000000,0.04%,,,29056
361,NUE,Nucor Corp,41.4,1.02,2.53%,42.1,41.14,2072000,07/02/20,12467000000,0.04%,,,26800
362,CCL,Carnival Corp,15.88,-0.48,-2.93%,17.17,15.8,30023301,07/02/20,12422000000,0.04%,,,92000
363,ATO,Atmos Energy Corp,101.18,0.49,0.49%,102.17,100.86,405800,07/02/20,12376000000,0.04%,,,4776
364,LNT,Alliant Energy Corp,49.42,0.66,1.35%,49.63,49.09,1148000,07/02/20,12330000000,0.04%,,,3597
365,STX,Seagate Tech Ord Shs,47.34,0.04,0.08%,48.22,47.25,2548100,07/02/20,12149000000,0.04%,,,40500
366,HPE,Hewlett Packard Enterprise Comp,9.41,-0.01,-0.11%,9.74,9.38,9606100,07/02/20,12090000000,0.04%,,,61600
367,SJM,J.M. Smucker Company,105.02,-0.2,-0.19%,106.04,104.15,927600,07/02/20,11984000000,0.04%,,,7300
368,EXPE,Expedia Group Inc,84.89,0.45,0.53%,88.08,83.47,2916400,07/02/20,11968000000,0.04%,,,25400
369,IEX,Idex Corp,157.89,2.05,1.32%,160,156.88,347100,07/02/20,11904000000,0.04%,,,7439
370,ABMD,Abiomed Inc,263.84,8.62,3.38%,266.35,255.43,518800,07/02/20,11884000000,0.04%,,,1536
371,IR,Ingersoll Rand Inc.,28.46,0.42,1.50%,29.22,28.35,3861300,07/02/20,11856000000,0.04%,,,6600
372,NLOK,Nortonlifelock Inc.,20.01,0.24,1.21%,20.21,19.74,7371100,07/02/20,11786000000,0.04%,,,3600
373,XYL,Xylem Inc,65.42,1.77,2.78%,66.19,64.45,1294400,07/02/20,11770000000,0.04%,,,16300
374,OMC,Omnicom Group Inc,54.61,0.07,0.13%,55.94,54.36,1689100,07/02/20,11702000000,0.04%,,,70000
375,NVR,NVR Inc,3170,-15.9,-0.50%,3274,3158.88,26300,07/02/20,11668000000,0.04%,,,5700
376,ULTA,Ulta Beauty Inc,203.59,0.02,0.01%,208.43,202.1,789500,07/02/20,11464000000,0.04%,,,44000
377,KEY,Keycorp,11.71,0.02,0.17%,12.21,11.6,14911700,07/02/20,11422000000,0.04%,,,17045
378,UDR,United Dominion Realty Trust,38.57,-0.32,-0.82%,39.82,38.49,1207600,07/02/20,11374000000,0.04%,,,1351
379,WAT,Waters Corp,180.82,0.67,0.37%,183.8,180.7,438100,07/02/20,11194000000,0.04%,,,7500
380,PFG,Principal Financial Group Inc,40.79,0.63,1.57%,42.39,40.66,1495300,07/02/20,11171000000,0.04%,,,17601
381,WAB,Wabtec Corp,58.68,0.68,1.17%,61.04,58.53,1404100,07/02/20,11166000000,0.04%,,,27500
382,J,Jacobs Engineering Group Inc,85.66,1.76,2.10%,86.49,84.65,915200,07/02/20,11145000000,0.04%,,,48000
383,VAR,Varian Medical Systems,122.39,0.87,0.72%,124.67,122.18,507400,07/02/20,11115000000,0.04%,,,10062
384,HAL,Halliburton Company,12.57,0.1,0.80%,13.11,12.56,15125100,07/02/20,11027000000,0.04%,,,55000
385,TDY,Teledyne Technologies Inc,298.45,-5.74,-1.89%,306.95,298.01,363700,07/02/20,10942000000,0.04%,,,11790
386,PKI,Perkinelmer,97.94,0.85,0.88%,99.42,97.67,748700,07/02/20,10909000000,0.04%,,,13000
387,ETFC,E*Trade Finl Corp,49.28,0.21,0.43%,50.57,49.19,1941900,07/02/20,10895000000,0.04%,,,4100
388,CTL,Centurylink,9.79,-0.08,-0.81%,10.09,9.77,9556199,07/02/20,10745000000,0.04%,,,42500
389,SIVB,Svb Financial Group,208.34,2.06,1.00%,215.94,206,294400,07/02/20,10732000000,0.04%,,,3564
390,IT,Gartner Inc,120.33,0.3,0.25%,122.82,119.74,328000,07/02/20,10730000000,0.04%,,,16724
391,CHRW,C.H. Robinson Ww,79.18,0.09,0.11%,79.84,78.47,2571800,07/02/20,10658000000,0.04%,,,15427
392,URI,United Rentals,147.91,2.11,1.45%,152.88,147.08,1019200,07/02/20,10657000000,0.04%,,,19100
393,CE,Celanese Corp,88.47,2.74,3.20%,89.78,87.31,885200,07/02/20,10460000000,0.04%,,,7714
394,CBOE,CBOE Global Markets Inc,95.09,-1.37,-1.42%,97.79,94.22,658100,07/02/20,10445000000,0.04%,,,823
395,CINF,Cincinnati Financial,64.87,0.77,1.20%,66.81,64.34,1461000,07/02/20,10431000000,0.04%,,,5148
396,RCL,Royal Caribbean Cruises Ltd,49.51,-1.32,-2.60%,53.62,49.36,13823700,07/02/20,10367000000,0.04%,,,85400
397,HAS,Hasbro Inc,74.6,-0.09,-0.12%,76.98,74.33,692500,07/02/20,10221000000,0.04%,,,5600
398,RF,Regions Financial Corp,10.6,-0.03,-0.28%,11.15,10.53,13439801,07/02/20,10173000000,0.04%,,,19564
399,CFG,Citizens Financial Group Inc/Ri,23.76,-0.47,-1.94%,25.14,23.64,6692200,07/02/20,10136000000,0.04%,,,18000
400,CXO,Concho Resources Inc,51.47,0.6,1.18%,52.56,51.2,2084100,07/02/20,10124000000,0.04%,,,1453
401,BEN,Franklin Resources,20.38,0.18,0.89%,21,20.31,2559600,07/02/20,10094000000,0.04%,,,9600
402,WRB,W.R. Berkley Corp,56.47,-0.56,-0.98%,58.53,56.36,550500,07/02/20,10093000000,0.04%,,,7493
403,DISCA,Discovery Comm A,20.79,-0.27,-1.31%,21.75,20.7,3699200,07/02/20,10004000000,0.03%,,,9200
404,DISCK,Discovery Comm Inc,18.93,-0.32,-1.64%,19.84,18.88,1481900,07/02/20,10004000000,0.03%,,,9200
405,UAL,United Continental Holdings,34.14,-0.31,-0.90%,36.08,33.95,53576602,07/02/20,9916000000,0.03%,,,96000
406,DVA,Davita Healthcare Partners Inc,81.05,0.41,0.51%,82.68,80.79,880400,07/02/20,9872000000,0.03%,,,65000
407,AAP,Advance Auto Parts Inc,141.84,-0.11,-0.08%,145.61,140.3,466900,07/02/20,9801000000,0.03%,,,67000
408,CNP,Centerpoint Energy Inc,19.46,0.19,0.99%,19.77,19.4,7950000,07/02/20,9782000000,0.03%,,,14262
409,LYV,Live Nation Entertainment,45.36,-0.66,-1.43%,47.36,45.12,1748800,07/02/20,9764000000,0.03%,,,38500
410,AVY,Avery Dennison Corp,117,2.98,2.61%,117.56,114.64,728300,07/02/20,9751000000,0.03%,,,30000
411,DRI,Darden Restaurants,74.78,-1.33,-1.75%,78.1,74.08,3669800,07/02/20,9708000000,0.03%,,,185000
412,XRAY,Dentsply Sirona Inc,44.18,-0.77,-1.71%,45.72,44.03,1170400,07/02/20,9679000000,0.03%,,,15200
413,NTAP,Netapp Inc,43.55,0.04,0.09%,44.46,43.47,1647100,07/02/20,9660000000,0.03%,,,10800
414,EMN,Eastman Chemical Company,69.98,1.28,1.86%,71.59,69.19,1019300,07/02/20,9510000000,0.03%,,,14500
415,L,Loews Corp,33.69,0.15,0.45%,34.97,33.56,991900,07/02/20,9481000000,0.03%,,,18605
416,PKG,Packaging Corp of America,99.65,0.28,0.28%,101.02,98.54,906000,07/02/20,9451000000,0.03%,,,15500
417,ALLE,Allegion Plc,102.39,0.5,0.49%,104.6,102.3,452900,07/02/20,9442000000,0.03%,,,11000
418,LW,Lamb Weston Holdings Inc,63.46,0.04,0.06%,64.71,63.28,757200,07/02/20,9268000000,0.03%,,,7600
419,RJF,Raymond James Financial,67.53,0.43,0.64%,69.56,67.3,568000,07/02/20,9254000000,0.03%,,,14200
420,NI,NiSource Inc,23.36,-0.1,-0.43%,23.78,23.3,2353900,07/02/20,8942000000,0.03%,,,8363
421,WU,Western Union Company,21.55,-0.14,-0.65%,22,21.49,3985600,07/02/20,8855000000,0.03%,,,11500
422,PHM,Pultegroup,32.88,-0.1,-0.30%,34.13,32.72,2497600,07/02/20,8817000000,0.03%,,,5245
423,HBAN,Huntington Bcshs,8.6,-0.03,-0.41%,9.01,8.55,13712500,07/02/20,8722000000,0.03%,,,15664
424,FBHS,Fortune Brands Home & Security,62.69,0.3,0.48%,64.71,62.2,723500,07/02/20,8648000000,0.03%,,,24700
425,PNW,Pinnacle West Capital Corp,76.03,0.64,0.85%,77.11,75.51,1001100,07/02/20,8553000000,0.03%,,,6210
426,IPGP,Ipg Photonics Corp,159.08,3.3,2.12%,162.4,156.54,291200,07/02/20,8436000000,0.03%,,,5960
427,FFIV,F5 Networks Inc,138.52,1.21,0.88%,140.07,137.92,525100,07/02/20,8435000000,0.03%,,,5325
428,HSIC,Henry Schein Inc,59.07,0.21,0.36%,60.43,58.97,1144300,07/02/20,8433000000,0.03%,,,19000
429,ALB,Albemarle Corp,78.56,2.5,3.29%,79.64,77.64,886000,07/02/20,8352000000,0.03%,,,6000
430,WYNN,Wynn Resorts Ltd,77.32,3.53,4.78%,78.35,75.13,6267200,07/02/20,8340000000,0.03%,,,30200
431,MGM,MGM Resorts International,16.86,0.09,0.54%,17.59,16.75,17438301,07/02/20,8316000000,0.03%,,,52000
432,MYL,Mylan NV Ord Shs,15.93,0.18,1.11%,16.16,15.76,4869900,07/02/20,8235000000,0.03%,,,35000
433,RE,Everest Re Group,200.95,-2.94,-1.44%,208.2,200.44,258100,07/02/20,8035000000,0.03%,,,1603
434,WHR,Whirlpool Corp,129.18,2.14,1.68%,132.13,127.07,556100,07/02/20,8030000000,0.03%,,,77000
435,NRG,NRG Energy,32.79,-0.36,-1.09%,33.86,32.68,1847200,07/02/20,8004000000,0.03%,,,4577
436,UHS,Universal Health Services,93.61,0.43,0.46%,98.39,93.34,1077600,07/02/20,7950000000,0.03%,,,90400
437,LKQ,LKQ Corp,25.9,0.82,3.27%,26.6,25.25,2097000,07/02/20,7873000000,0.03%,,,51000
438,REG,Regency Centers Corp,45.73,-0.44,-0.95%,47.81,45.38,685700,07/02/20,7757000000,0.03%,,,450
439,GL,Globe Life Inc,72.53,-0.27,-0.37%,75.04,72.29,424200,07/02/20,7720000000,0.03%,,,3196
440,HST,Host Marriott Financial Trust,10.95,0.06,0.55%,11.38,10.84,7231300,07/02/20,7719000000,0.03%,,,175
441,TAP,Molson Coors Brewing Company,35.34,0.28,0.80%,36.14,35.16,1441200,07/02/20,7709000000,0.03%,,,17700
442,AOS,Smith [A.O.] Corp,47.32,1.02,2.20%,47.77,46.74,1072800,07/02/20,7625000000,0.03%,,,15100
443,IRM,Iron Mountain Inc,26.16,-0.09,-0.34%,26.66,25.95,2705100,07/02/20,7531000000,0.03%,,,26750
444,PRGO,Perrigo Company,55.19,0.36,0.66%,56.68,55.03,1000100,07/02/20,7523000000,0.03%,,,11200
445,JNPR,Juniper Networks,22.54,-0.01,-0.04%,22.83,22.52,3177400,07/02/20,7469000000,0.03%,,,2704
446,SNA,Snap-On Inc,135.99,1.87,1.39%,138.76,135.11,519600,07/02/20,7392000000,0.03%,,,12800
447,TXT,Textron Inc,32.45,0.53,1.66%,33.7,32.36,1007100,07/02/20,7381000000,0.03%,,,35000
448,WRK,Westrock Company,28.2,0.54,1.95%,28.39,27.91,2282200,07/02/20,7311000000,0.03%,,,51100
449,BWA,Borgwarner Inc,35.19,0.95,2.77%,35.96,34.78,2545900,07/02/20,7295000000,0.03%,,,29000
450,VNO,Vornado Realty Trust,38.12,-0.51,-1.32%,39.98,37.98,1059000,07/02/20,7285000000,0.03%,,,4008
451,NWS,News Cp Cl B,12.1,-0.02,-0.17%,12.38,12.06,343200,07/02/20,7093000000,0.02%,,,28000
452,NWSA,News Cp Cl A,12.03,-0.05,-0.41%,12.33,12,1612800,07/02/20,7093000000,0.02%,,,28000
453,COG,Cabot Oil & Gas Corp,17.74,0.74,4.35%,17.95,17.27,4322900,07/02/20,7071000000,0.02%,,,274
454,MHK,Mohawk Industries,99.21,1.7,1.74%,102.88,97.88,542400,07/02/20,7062000000,0.02%,,,41800
455,HII,Huntington Ingalls Industries,173.11,-0.62,-0.36%,176.94,172.62,233200,07/02/20,7007000000,0.02%,,,42000
456,NWL,Newell Rubbermaid Inc,15.97,0.19,1.20%,16.49,15.94,2235300,07/02/20,6773000000,0.02%,,,30000
457,LNC,Lincoln National Corp,34.61,-0.06,-0.17%,36.97,34.5,2562000,07/02/20,6687000000,0.02%,,,11357
458,HWM,Howmet Aerospace Inc.,15.31,0.03,0.20%,15.87,15.16,4617200,07/02/20,6677000000,0.02%,,,41700
459,IPG,Interpublic Group of Companies,17.06,0,0.00%,17.5,16.88,2553300,07/02/20,6647000000,0.02%,,,54300
460,FANG,Diamondback Energy,41.56,1.96,4.95%,42.54,40.32,3305800,07/02/20,6559000000,0.02%,,,712
461,FRT,Federal Realty Investment Trust,85.54,-1.92,-2.20%,90.09,84.85,337000,07/02/20,6470000000,0.02%,,,313
462,AAL,American Airlines Gp,12.5,-0.31,-2.42%,13.42,12.42,86439508,07/02/20,6351000000,0.02%,,,133700
463,CF,Cf Industries Holdings,29.38,0.84,2.94%,29.89,29.02,1956700,07/02/20,6281000000,0.02%,,,3000
464,PNR,Pentair Ltd,37.42,0.51,1.38%,38.2,37,771100,07/02/20,6201000000,0.02%,,,9500
465,AIZ,Assurant Inc,100.5,-0.57,-0.56%,103.97,100.38,375400,07/02/20,5995000000,0.02%,,,14200
466,RHI,Robert Half International Inc,51.72,0.23,0.45%,53.19,51.64,815000,07/02/20,5927000000,0.02%,,,16000
467,AIV,Apartment Investment and Management,39.06,0.25,0.64%,39.86,38.63,961900,07/02/20,5815000000,0.02%,,,950
468,KIM,Kimco Realty Corp,12.76,-0.15,-1.16%,13.46,12.73,3600600,07/02/20,5519000000,0.02%,,,502
469,FLIR,Flir Systems Inc,42.16,1.3,3.18%,42.74,41.26,2201700,07/02/20,5516000000,0.02%,,,4265
470,PWR,Quanta Services,38.87,0.53,1.38%,39.72,38.79,1032100,07/02/20,5350000000,0.02%,,,40300
471,ZION,Zions Bancorp,32.41,-0.14,-0.43%,33.81,32.26,1605800,07/02/20,5311000000,0.02%,,,10188
472,NLSN,Nielsen Holdings Plc,14.72,0.09,0.62%,15.12,14.6,1913600,07/02/20,5247000000,0.02%,,,46000
473,SEE,Sealed Air Corp,33.5,1.1,3.40%,33.94,32.84,1241100,07/02/20,5215000000,0.02%,,,16500
474,RL,Ralph Lauren Corp,70.75,0.08,0.11%,73.67,70.61,723300,07/02/20,5141000000,0.02%,,,24900
475,APA,Apache Corp,13.26,0.27,2.04%,13.94,13.18,14346400,07/02/20,5005000000,0.02%,,,3163
476,CMA,Comerica Inc,35.27,-0.67,-1.86%,37.85,35.08,1889500,07/02/20,4904000000,0.02%,,,7948
477,MOS,Mosaic Company,12.85,0.48,3.88%,13.35,12.71,4938000,07/02/20,4870000000,0.02%,,,12600
478,IVZ,Invesco Plc,10.55,0.29,2.83%,10.76,10.45,6723200,07/02/20,4841000000,0.02%,,,8821
479,MRO,Marathon Oil Corp,6.12,0.17,2.86%,6.27,6,28867998,07/02/20,4837000000,0.02%,,,2000
480,PBCT,People's United Finl,11.18,-0.03,-0.27%,11.74,11.13,4493000,07/02/20,4748000000,0.02%,,,5536
481,NOV,National-Oilwell,12.1,0.29,2.46%,12.49,12.09,5061400,07/02/20,4697000000,0.02%,,,35479
482,GPS,Gap Inc,12.28,-0.19,-1.52%,12.99,12.03,15004000,07/02/20,4586000000,0.02%,,,129000
483,NBL,Noble Energy Inc,9.55,0.69,7.79%,9.65,9.1,11390800,07/02/20,4581000000,0.02%,,,2330
484,LEG,Leggett & Platt Inc,34.34,-0.04,-0.12%,35.92,34.13,693700,07/02/20,4542000000,0.02%,,,22000
485,ALK,Alaska Air Group,36.49,0.79,2.21%,37.49,36.27,2753400,07/02/20,4473000000,0.02%,,,24000
486,HFC,Hollyfrontier Corp,27.22,-0.49,-1.77%,28.76,27.18,1721000,07/02/20,4407000000,0.02%,,,4074
487,DVN,Devon Energy Corp,11.24,0.14,1.26%,11.66,11.14,8120800,07/02/20,4302000000,0.01%,,,1800
488,LB,L Brands Inc,15.11,0.01,0.07%,15.81,14.83,4468400,07/02/20,4198000000,0.01%,,,59950
489,UAA,Under Armour,9.58,0.01,0.10%,10,9.53,5462900,07/02/20,4142000000,0.01%,,,16400
490,UA,Under Armour Inc Cl C,8.68,0.03,0.35%,9.01,8.62,4753300,07/02/20,4142000000,0.01%,,,16400
491,DXC,Dxc Technology Company,16.15,0.01,0.06%,17.06,16.09,3522300,07/02/20,4098000000,0.01%,,,138000
492,NCLH,Norwegian Cruise Ord,15.97,-0.45,-2.74%,17.36,15.86,42555102,07/02/20,4094000000,0.01%,,,33200
493,HBI,Hanesbrands Inc,11.46,0.4,3.62%,11.88,11.33,7614400,07/02/20,3988000000,0.01%,,,63000
494,SLG,SL Green Realty Corp,49.92,1.38,2.84%,51.05,49.03,1663100,07/02/20,3821000000,0.01%,,,1033
495,FLS,Flowserve Corp,28.34,0.71,2.57%,29.51,28.02,939400,07/02/20,3688000000,0.01%,,,17000
496,TPR,Tapestry Inc,13.01,0.04,0.31%,13.62,12.92,5687900,07/02/20,3592000000,0.01%,,,21000
497,COTY,Coty Inc,4.45,0.13,3.01%,4.59,4.37,12769999,07/02/20,3396000000,0.01%,,,19000
498,PVH,Phillips-Van Heusen Corp,47.46,0.77,1.65%,49.29,46.58,1507200,07/02/20,3372000000,0.01%,,,40000
499,XRX,Xerox Corp,15.73,0.58,3.83%,16.16,15.45,4470500,07/02/20,3349000000,0.01%,,,27000
500,FTI,Technipfmc Plc,7.28,0.37,5.35%,7.47,7.13,6628500,07/02/20,3288000000,0.01%,,,37000
501,UNM,Unumprovident Corp,16.1,0.2,1.26%,16.85,16.06,2185000,07/02/20,3275000000,0.01%,,,11300
502,KSS,Kohl's Corp,20.58,0.48,2.39%,21.1,20.16,6942000,07/02/20,3246000000,0.01%,,,122000
503,CDNS,Cadence Design Sys,97.82,0.75,0.77%,98.81,96.93,2087900,07/02/20,2731000000,0.01%,,,8100
504,HRB,H&R Block,13.94,-0.06,-0.43%,14.51,13.91,2676700,07/02/20,2683000000,0.01%,,,3500
505,,,,,,,,,,28728840000000,100.0%,8903490000000,3,0